smiles,label
O[C@H](CC=O)C=O,0
CC1=CN=C(C(=C1OC)C)C[S@@](=O)C2=NC3=C(N2)C=C(C=C3)OC,0
C1CC1NC2=C3C(=NC(=N2)N)N(C=N3)[C@@H]4C[C@@H](C=C4)CO,0
C1=CC=C(C(=C1)CC(=O)OCC(=O)O)NC2=C(C=CC=C2Cl)Cl,0
CC1=C(C2=C(N1C(=O)C3=CC=C(C=C3)Cl)C=CC(=C2)OC)CC(=O)OCC(=O)O,0
CC(=O)NC1=NN=C(S1)S(=O)(=O)N,0
CC(=O)OC1=CC=CC=C1C(=O)O,1
C1=NC2=C(N1COCCO)N=C(NC2=O)N,0
C1=NC(=C2C(=N1)N(C=N2)CCOCP(=O)(O)O)N,0
CC[C@H]1[C@@H]2C[C@H]3[C@H]4[C@@]5(C[C@@H]([C@H]2[C@H]5O)N3[C@@H]1O)C6=CC=CC=C6N4C,0
CCCSC1=CC2=C(C=C1)N=C(N2)NC(=O)OC,0
C=CCOC1=C(C=C(C=C1)CC(=O)O)Cl,0
CCC1=CC2=C(C=C1N3CCC(CC3)N4CCOCC4)C(C5=C(C2=O)C6=C(N5)C=C(C=C6)C#N)(C)C,0
C(CC(O)(P(=O)(O)O)P(=O)(O)O)CN,0
C[C@H](CCCC(C)C)[C@H]1CC[C@@H]\2[C@@]1(CCC/C2=C\C=C/3\C[C@H](C[C@@H](C3=C)O)O)C,0
CC(CN1C2=CC=CC=C2SC3=CC=CC=C31)CN(C)C,1
C1=NNC2=C1C(=O)NC=N2,0
CC(C1=CC=C(C=C1)NCC(=C)C)C(=O)O,0
CC1=NN=C2N1C3=C(C=C(C=C3)Cl)C(=NC2)C4=CC=CC=C4,1
C1C2CC3CC1CC(C2)(C3)N,0
C1[C@@H]([C@H]([C@@H]([C@H]([C@@H]1NC(=O)[C@H](CCN)O)O[C@@H]2[C@@H]([C@H]([C@@H]([C@H](O2)CO)O)N)O)O)O[C@@H]3[C@@H]([C@H]([C@@H]([C@H](O3)CN)O)O)O)N,0
C(CCC(=O)O)CCN,1
CC1=C(C(=O)N(N1C)C2=CC=CC=C2)N(C)C,0
CCCCC1=C(C2=CC=CC=C2O1)C(=O)C3=CC(=C(C(=C3)I)OCCN(CC)CC)I,1
CCN1CCCC1CNC(=O)C2=CC(=C(C=C2OC)N)S(=O)(=O)CC,1
CN(C)CCC=C1C2=CC=CC=C2CCC3=CC=CC=C31,1
C1CN(CCN1)C2=NC3=CC=CC=C3OC4=C2C=C(C=C4)Cl,1
CC1([C@@H](N2[C@H](S1)[C@@H](C2=O)NC(=O)[C@@H](C3=CC=C(C=C3)O)N)C(=O)O)C,0
CC(CC1=CC=CC=C1)N,1
CC1([C@@H](N2[C@H](S1)[C@@H](C2=O)NC(=O)[C@@H](C3=CC=CC=C3)N)C(=O)O)C,0
CC(C)CN(CC(C(CC1=CC=CC=C1)NC(=O)OC2CCOC2)O)S(=O)(=O)C3=CC=C(C=C3)N,0
C1C2=C(C=CC(=C2Cl)Cl)N=C3N1CC(=O)N3,0
CC1=CC(=O)N(N1C)C2=CC=CC=C2,0
C1CN(CCN1CCOC(=O)C2=CC=CC=C2NC3=C4C=CC(=CC4=NC=C3)C(F)(F)F)C5=CC=CC(=C5)C(F)(F)F,0
CN[C@H]1[C@H]([C@@H]2[C@H](C[C@H]([C@H](O2)O[C@@H]3[C@H](C[C@H]([C@@H]([C@H]3O)O)N)N)N)O[C@@H]1O[C@@H]4[C@@H]([C@H]([C@@H]([C@H](O4)CO)N)O)O)O,0
C1C[C@H]([C@H](O[C@@H]1CN)O[C@@H]2[C@H](C[C@H]([C@@H]([C@H]2O)O[C@@H]3[C@@H]([C@H]([C@@H]([C@H](O3)CO)O)N)O)NC(=O)[C@H](CCN)O)N)N,0
C1CC(=O)NC2=C1C=CC(=C2)OCCCCN3CCN(CC3)C4=C(C(=CC=C4)Cl)Cl,1
CN1CC2C(C1)C3=C(C=CC(=C3)Cl)OC4=CC=CC=C24,1
CC(C)(C)[C@@H](C(=O)N[C@@H](CC1=CC=CC=C1)[C@H](CN(CC2=CC=C(C=C2)C3=CC=CC=N3)NC(=O)[C@H](C(C)(C)C)NC(=O)OC)O)NC(=O)OC,0
CC(C)NCC(COC1=CC=C(C=C1)CC(=O)N)O,0
CN1[C@@H]2CC[C@H]1CC(C2)OC(=O)C(CO)C3=CC=CC=C3,1
CNC(=O)C1=CC=CC=C1SC2=CC3=C(C=C2)C(=NN3)/C=C/C4=CC=CC=N4,0
C1=NC(=NC(=O)N1[C@H]2[C@@H]([C@@H]([C@H](O2)CO)O)O)N,1
CCCC1C(=O)N2C3=C(C=CC(=C3)C)N=C(N2C1=O)N(C)C,0
C[C@H]1[C@@H](C(=O)N1S(=O)(=O)O)NC(=O)/C(=N\OC(C)(C)C(=O)O)/C2=CSC(=N2)N,0
C1=CC(=CC=C1C(CC(=O)O)CN)Cl,1
C1=CC(=CC=C1C(=O)NCCC(=O)O)N=NC2=CC(=C(C=C2)O)C(=O)O,0
C1[C@@H]([C@H]([C@@H]([C@H]([C@@H]1N)O[C@@H]2[C@@H]([C@H]([C@@H]([C@H](O2)CO)O)N)O)O)O[C@@H]3[C@@H]([C@H]([C@@H]([C@H](O3)CN)O)O)N)N,0
CCOC(=O)[C@H](CCC1=CC=CC=C1)N[C@H]2CCC3=CC=CC=C3N(C2=O)CC(=O)O,0
CN1C2=C(C=C(C=C2)N(CCCl)CCCl)N=C1CCCC(=O)O,0
C1=CC=C(C=C1)CN2C3=CC=CC=C3C(=N2)OCC(=O)O,0
CC(=O)NC1=CC=C(C=C1)OC(=O)C2=CC=CC=C2OC(=O)C,0
CC(C1=CC2=C(C=C1)OC(=N2)C3=CC=C(C=C3)Cl)C(=O)O,0
CCC1=C(C2=CC=CC=C2O1)C(=O)C3=CC(=C(C(=C3)Br)O)Br,0
CCC1=C(C2=CC=CC=C2O1)C(=O)C3=CC(=C(C(=C3)I)O)I,0
CC(CC1=CC=CC=C1)N(C)CC2=CC=CC=C2,1
CN(C)CCCOC1=NN(C2=CC=CC=C21)CC3=CC=CC=C3,0
CC1([C@@H](N2[C@H](S1)[C@@H](C2=O)NC(=O)CC3=CC=CC=C3)C(=O)O)C,0
C[C@H]1C[C@H]2[C@@H]3CCC4=CC(=O)C=C[C@@]4([C@]3([C@H](C[C@@]2([C@]1(C(=O)CO)O)C)O)F)C,1
CNC(=NC)NCC1=CC=CC=C1,0
CC(C)(C(=O)O)OC1=CC=C(C=C1)CCNC(=O)C2=CC=C(C=C2)Cl,1
CN1C=NC2=C1C=C(C(=C2F)NC3=C(C=C(C=C3)Br)F)C(=O)NOCCO,0
B([C@H](CC(C)C)NC(=O)[C@H](CC1=CC=CC=C1)NC(=O)C2=NC=CN=C2)(O)O,0
CN1CCN(CC1)C2CCN(CC2)C3=CC(=C(C=C3)NC4=NC=C(C(=N4)NC5=CC=CC=C5P(=O)(C)C)Cl)OC,0
CC1=CC2=C(N1)C=CC(=C2F)OC3=NC=NN4C3=C(C(=C4)OC[C@@H](C)O)C,0
C1=CC(=C(C(=C1)C(=O)C2=CC=C(C=C2)Br)N)CC(=O)O,0
C1CN(CCC1(C2=CC=C(C=C2)Br)O)CCCC(=O)C3=CC=C(C=C3)F,1
CC(C)(C(=O)N[C@@H](CS)C(=O)O)S,0
CCCCOC1=CC=C(C=C1)CC(=O)NO,0
CCCCC(C(=O)N(C1=CC=CC=C1)NC2=CC=CC=C2)C(=O)O,0
CCCCNC1=C(C(=CC(=C1)C(=O)O)S(=O)(=O)N)OC2=CC=CC=C2,0
C[C@]([C@H]1C[C@@]23CC[C@@]1([C@H]4[C@@]25CCN([C@@H]3CC6=C5C(=C(C=C6)O)O4)CC7CC7)OC)(C(C)(C)C)O,0
CC(C(=O)C1=CC(=CC=C1)Cl)NC(C)(C)C,1
CS(=O)(=O)OCCCCOS(=O)(=O)C,0
C[C@H](CCCC(C)(C)O)[C@H]1CC[C@@H]\2[C@@]1(CCC/C2=C\C=C/3\C[C@H](C[C@@H](C3=C)O)O)C,0
CCOC1=NC2=CC=CC(=C2N1CC3=CC=C(C=C3)C4=CC=CC=C4C5=NNN=N5)C(=O)O,0
C[C@H](CS)C(=O)N1CCC[C@H]1C(=O)O,0
C1=CC=C2C(=C1)C=CC3=CC=CC=C3N2C(=O)N,1
CC1([C@@H](N2[C@H](S1)[C@@H](C2=O)NC(=O)C(C3=CC=CC=C3)C(=O)O)C(=O)O)C,0
C[C@]12CC[C@](C[C@H]1C3=CC(=O)[C@@H]4[C@]5(CC[C@@H](C([C@@H]5CC[C@]4([C@@]3(CC2)C)C)(C)C)OC(=O)CCC(=O)O)C)(C)C(=O)O,1
CCOC(=O)N1C=CN(C1=S)C,0
C([C@@H](C(=O)O)N)SCC(=O)O,0
CC(C)C[C@@H](C(=O)[C@]1(CO1)C)NC(=O)[C@H](CC2=CC=CC=C2)NC(=O)[C@H](CC(C)C)NC(=O)[C@H](CCC3=CC=CC=C3)NC(=O)CN4CCOCC4,0
C(CCl)NC(=O)N(CCCl)N=O,0
CC(C1=CC2=C(C=C1)C3=C(N2)C=CC(=C3)Cl)C(=O)O,0
COC1=CC=CC=C1OCCNCC(COC2=CC=CC3=C2C4=CC=CC=C4N3)O,0
CC1=CC2=C(N1)C=CC(=C2F)OC3=NC=NC4=CC(=C(C=C43)OC)OCCCN5CCCC5,0
CC(=O)OCC1=C(N2[C@@H]([C@@H](C2=O)NC(=O)CC#N)SC1)C(=O)O,0
C1C(=C(N2[C@H](S1)[C@@H](C2=O)NC(=O)[C@@H](C3=CC=CC=C3)N)C(=O)O)Cl,1
CC1=C(N2[C@@H]([C@@H](C2=O)NC(=O)[C@@H](C3=CC=C(C=C3)O)N)SC1)C(=O)O,0
CC1=C(N2[C@@H]([C@@H](C2=O)NC(=O)[C@@H](C3=CC=CC=C3)N)SC1)C(=O)O,0
CC(=O)OCC1=C(N2[C@@H]([C@@H](C2=O)NC(=O)CC3=CC=CS3)SC1)C(=O)O,0
CN1C(=NN=N1)SCC2=C(N3[C@@H]([C@@H](C3=O)NC(=O)[C@@H](C4=CC=CC=C4)O)SC2)C(=O)O,0
CC(=O)OCC1=C(N2[C@@H]([C@@H](C2=O)NC(=O)CSC3=CC=NC=C3)SC1)C(=O)O,0
C1C(=C(N2[C@H](S1)[C@@H](C2=O)NC(=O)[C@@H](C3=CC=C(C=C3)O)N)C(=O)O)CSC4=NNN=C4,0
CC1=NN=C(S1)SCC2=C(N3[C@@H]([C@@H](C3=O)NC(=O)CN4C=C(C(=O)C(=C4)Cl)Cl)SC2)C(=O)O,0
CC1=NN=C(S1)SCC2=C(N3[C@@H]([C@@H](C3=O)NC(=O)CN4C=NN=N4)SC2)C(=O)O,0
C=CC1=C(N2[C@@H]([C@@H](C2=O)NC(=O)/C(=N/O)/C3=CSC(=N3)N)SC1)C(=O)O,1
CC1=C(SC=N1)/C=C\C2=C(N3[C@@H]([C@@H](C3=O)NC(=O)/C(=N/OC)/C4=CSC(=N4)N)SC2)C(=O)O,1
CC1=C(N2[C@@H]([C@@H](C2=O)NC(=O)/C(=N/OC)/C3=CSC(=N3)N)SC1)C(=O)O,0
C=CC1=C(N2[C@@H]([C@@H](C2=O)NC(=O)/C(=N/OCC(=O)O)/C3=CSC(=N3)N)SC1)C(=O)O,0
CN1C(=NN=N1)SCC2=C(N3[C@@H]([C@@H](C3=O)NC(=O)/C(=N/OC)/C4=CSC(=N4)N)SC2)C(=O)O,0
CN1C(=NN=N1)SCC2=C(N3[C@@H]([C@@](C3=O)(NC(=O)CSCC#N)OC)SC2)C(=O)O,0
CN1C(=NN=N1)SCC2=C(N3[C@@H]([C@@](C3=O)(NC(=O)CSC[C@H](C(=O)O)N)OC)SC2)C(=O)O,0
CC1=C(SC(=N1)SCC2=C(N3[C@@H]([C@@H](C3=O)NC(=O)/C(=N/OC)/C4=CSC(=N4)N)SC2)C(=O)O)CC(=O)O,0
C1C(=C(N2[C@H](S1)[C@@H](C2=O)NC(=O)[C@@H](C3=CC=CC=C3)O)C(=O)O)CSC4=NN=NN4CS(=O)(=O)O,0
C1C(=C(N2[C@H](S1)[C@@H](C2=O)NC(=O)CC3=CC=CC=C3CN)C(=O)O)CSC4=NN=NN4CC(=O)O,0
CC(=O)OCC1=C(N2[C@@H]([C@@H](C2=O)NC(=O)/C(=N/OC)/C3=CSC(=N3)N)SC1)C(=O)O,0
CN1C(=NN=N1)SCC2=C(N3[C@@H]([C@@](C3=O)(NC(=O)C4SC(=C(C(=O)N)C(=O)O)S4)OC)SC2)C(=O)O,0
CN(C)CCN1C(=NN=N1)SCC2=C(N3[C@@H]([C@@H](C3=O)NC(=O)CC4=CSC(=N4)N)SC2)C(=O)O,0
CO[C@@]1([C@@H]2N(C1=O)C(=C(CS2)COC(=O)N)C(=O)O)NC(=O)CC3=CC=CS3,0
COCC1=C(N2[C@@H]([C@@H](C2=O)NC(=O)/C(=N/OC)/C3=CSC(=N3)N)SC1)C(=O)O,0
CC=CC1=C(N2[C@@H]([C@@H](C2=O)NC(=O)[C@@H](C3=CC=C(C=C3)O)N)SC1)C(=O)O,0
CC1=C(N2[C@@H]([C@@H](C2=O)NC(=O)[C@@H](C3=CCC=CC3)N)SC1)C(=O)O,0
COC1=C(N2[C@@H]([C@@H](C2=O)NC(=O)[C@@H](C3=CCC=CC3)N)SC1)C(=O)O,0
CC1=NN(N=N1)CC2=C(N3[C@@H]([C@@H](C3=O)NC(=O)/C(=N\OC)/C4=CSC(=N4)N)SC2)C(=O)OCOC(=O)C(C)(C)C,0
C1C(=C(N2[C@H](S1)[C@@H](C2=O)NC(=O)CN3C=NN=N3)C(=O)O)CSC4=NN=CS4,0
C1C=C(N2[C@H](S1)[C@@H](C2=O)NC(=O)/C(=C\CC(=O)O)/C3=CSC(=N3)N)C(=O)O,0
CO/N=C(\C1=CSC(=N1)N)/C(=O)N[C@H]2[C@@H]3N(C2=O)C(=CCS3)C(=O)O,0
C1CNC[C@@H]1N2CC/C(=C\C3=C(N4[C@@H]([C@@H](C4=O)NC(=O)/C(=N/O)/C5=NSC(=N5)N)SC3)C(=O)O)/C2=O,0
CN1C(=NC(=O)C(=O)N1)SCC2=C(N3[C@@H]([C@@H](C3=O)NC(=O)/C(=N/OC)/C4=CSC(=N4)N)SC2)C(=O)O,0
CC1=CC=C(C=C1)C2=CC(=NN2C3=CC=C(C=C3)S(=O)(=O)N)C(F)(F)F,0
CC(=O)OCC1=C(N2[C@@H]([C@@H](C2=O)NC(=O)[C@@H](C3=CC=CC=C3)N)SC1)C(=O)O,0
CC1=CC(=C(C=C1C2CCNCC2)OC(C)C)NC3=NC=C(C(=N3)NC4=CC=CC=C4S(=O)(=O)C(C)C)Cl,0
CC(C)C1=C(C(=C(C(=N1)C(C)C)COC)C2=CC=C(C=C2)F)/C=C/[C@H](C[C@H](CC(=O)O)O)O,1
C1CN(CCN1CCOCC(=O)O)C(C2=CC=CC=C2)C3=CC=C(C=C3)Cl,0
C(C(Cl)(Cl)Cl)(O)O,1
CCN(CC)CCCC(C)NC1=C2C=CC(=CC2=NC=C1)Cl,1
C1=C2C(=CC(=C1Cl)S(=O)(=O)N)S(=O)(=O)N=CN2,0
C(CCl)N(C(=O)NC(C=O)C(C(C(CO)O)O)O)N=O,0
CN(C)CCC(C1=CC=C(C=C1)Cl)C2=CC=CC=N2,0
CN(C)CCCN1C2=CC=CC=C2SC3=C1C=C(C=C3)Cl,0
CCCNC(=O)NS(=O)(=O)C1=CC=C(C=C1)Cl,0
CN(C)CC/C=C\1/C2=CC=CC=C2SC3=C1C=C(C=C3)Cl,0
C1=CC=C2C(=C1)C(=O)NC2(C3=CC(=C(C=C3)Cl)S(=O)(=O)N)O,0
C1=CN(C(=O)N=C1N)C[C@@H](CO)OCP(=O)(O)O,0
CCOC(=O)[C@H](CCC1=CC=CC=C1)N[C@H]2CCCN3CCC[C@H](N3C2=O)C(=O)O,0
CC1=C(N=CN1)CSCCNC(=NC)NC#N,0
COC1=C(C=C(C=C1)C2=C(N=CN2C3=CC=C(C=C3)S(=O)(=O)N)Cl)F,0
CC(C)(C(=O)O)OC1=CC=C(C=C1)C2CC2(Cl)Cl,1
C1CC1N2C=C(C(=O)C3=CC(=C(C=C32)N4CCNCC4)F)C(=O)O,1
CN(C)CCCC1(C2=C(CO1)C=C(C=C2)C#N)C3=CC=C(C=C3)F,1
CCCC(=O)OCOC(=O)C1=C(NC(=C(C1C2=C(C(=CC=C2)Cl)Cl)C(=O)OC)C)C,0
CCC[C@@H]1C[C@H](N(C1)C)C(=O)N[C@@H]([C@@H]2[C@@H]([C@@H]([C@H]([C@H](O2)SC)O)O)O)[C@H](C)Cl,0
C(P(=O)(O)O)(P(=O)(O)O)(Cl)Cl,0
CCOC(=O)C(C)(C)OC1=CC=C(C=C1)Cl,1
CC1=C(C2=C(N1CC(=O)O)C=C(C=C2)OC)C(=O)C3=CC=C(C=C3)Cl,0
CN(C)CCCN1C2=CC=CC=C2CCC3=C1C=C(C=C3)Cl,0
CC1=C(C=CC=C1Cl)NC2=C(C=CC=N2)C(=O)O,0
COC(=O)[C@H](C1=CC=CC=C1Cl)N2CCC3=C(C2)C=CS3,0
CC1=C(C(=NO1)C2=CC=CC=C2Cl)C(=O)N[C@H]3[C@@H]4N(C3=O)[C@H](C(S4)(C)C)C(=O)O,0
CN1CCN(CC1)C2=NC3=C(C=CC(=C3)Cl)NC4=CC=CC=C42,1
CN1[C@H]2CC[C@@H]1[C@H]([C@H](C2)OC(=O)C3=CC=CC=C3)C(=O)OC,1
CN1CC[C@]23[C@@H]4[C@H]1CC5=C2C(=C(C=C5)OC)O[C@H]3[C@H](C=C4)O,1
CC(=O)N[C@H]1CCC2=CC(=C(C(=C2C3=CC=C(C(=O)C=C13)OC)OC)OC)OC,1
C[C@H](C1=C(C=CC(=C1Cl)F)Cl)OC2=C(N=CC(=C2)C3=CN(N=C3)C4CCNCC4)N,0
CC(CN1C2=CC=CC=C2SC3=C1C=C(C=C3)C#N)CN(C)C,0
C1CNP(=O)(OC1)N(CCCl)CCCl,1
C1=CN(C(=O)N=C1N)[C@H]2[C@H]([C@@H]([C@H](O2)CO)O)O,1
CC(C)(C)C1=NC(=C(S1)C2=NC(=NC=C2)N)C3=C(C(=CC=C3)NS(=O)(=O)C4=C(C=CC=C4F)F)F,0
C1CN(C[C@@H]1C(C2=CC=CC=C2)(C3=CC=CC=C3)C(=O)N)CCC4=CC5=C(C=C4)OCC5,0
CC(C)CN(C[C@H]([C@H](CC1=CC=CC=C1)NC(=O)O[C@H]2CO[C@@H]3[C@H]2CCO3)O)S(=O)(=O)C4=CC=C(C=C4)N,0
CC1=C(C(=CC=C1)Cl)NC(=O)C2=CN=C(S2)NC3=CC(=NC(=N3)C)N4CCN(CC4)CCO,1
C[C@H]1[C@H]([C@H](C[C@@H](O1)O[C@H]2C[C@@](CC3=C2C(=C4C(=C3O)C(=O)C5=C(C4=O)C(=CC=C5)OC)O)(C(=O)C)O)N)O,0
C1=CC=C(C(=C1)C2=NN(C(=N2)C3=CC=CC=C3O)C4=CC=C(C=C4)C(=O)O)O,0
CC1=C(C(=O)C=CN1C)O,0
CC(C)NC1=C(N=CC=C1)N2CCN(CC2)C(=O)C3=CC4=C(N3)C=CC(=C4)NS(=O)(=O)C,0
CN(C)[C@H]1[C@@H]2C[C@@H]3[C@@H](C4=C(C=CC(=C4C(=C3C(=O)[C@@]2(C(=C(C1=O)C(=O)N)O)O)O)O)Cl)O,0
C(C(F)(F)F)(OC(F)F)F,1
C[C@@H]1C[C@H]2[C@@H]3CCC4=CC(=O)C=C[C@@]4([C@]3([C@H](C[C@@]2([C@]1(C(=O)CO)O)C)O)F)C,1
C[C@@H](C1=CC=C(C=C1)CC(C)C)C(=O)O,0
C[C@@H](C1=CC(=CC=C1)C(=O)C2=CC=CC=C2)C(=O)O,0
CC1=C(C=CN=C1C[S@@](=O)C2=NC3=CC=CC=C3N2)OCC(F)(F)F,0
CC1=C(C(=CC=C1)[C@H](C)C2=CN=CN2)C,0
CN1CC[C@@]23CCCC[C@@H]2[C@@H]1CC4=C3C=C(C=C4)OC,1
CC(=O)O[C@H]1C=C[C@H]2[C@H]3CC4=C5[C@]2([C@H]1OC5=C(C=C4)OC(=O)C)CCN3C,1
CN1C(=O)CN=C(C2=C1C=CC(=C2)Cl)C3=CC=CC=C3,1
CC1=NS(=O)(=O)C2=C(N1)C=CC(=C2)Cl,0
C1C[C@H]([C@H](O[C@@H]1CN)O[C@@H]2[C@H](C[C@H]([C@@H]([C@H]2O)O[C@@H]3[C@@H]([C@H]([C@@H]([C@H](O3)CO)O)N)O)N)N)N,0
C1=C(C=C(C(=C1S(=O)(=O)N)Cl)Cl)S(=O)(=O)N,0
C1=CC=C(C(=C1)CC(=O)O)NC2=C(C=CC=C2Cl)Cl,1
CC1=C(C(=NO1)C2=C(C=CC=C2Cl)Cl)C(=O)N[C@H]3[C@@H]4N(C3=O)[C@H](C(S4)(C)C)C(=O)O,0
C1C[C@@H](O[C@@H]1CO)N2C=NC3=C2N=CNC3=O,1
C1=CC=C(C=C1)C2=CC=C(C=C2)CC(=O)NC3=CC=CC=N3,0
C1=CC(=C(C=C1C2=C(C=C(C=C2)F)F)C(=O)O)O,0
CN1CC[C@]23[C@@H]4[C@H]1CC5=C2C(=C(C=C5)OC)O[C@H]3[C@H](CC4)O,1
C[C@H]1[C@@]([C@H]([C@@H](O1)O[C@@H]2[C@H]([C@@H]([C@H]([C@@H]([C@H]2O)O)N=C(N)N)O)N=C(N)N)O[C@H]3[C@H]([C@@H]([C@H]([C@@H](O3)CO)O)O)NC)(CO)O,0
CC(=O)O[C@@H]1[C@@H](SC2=CC=CC=C2N(C1=O)CCN(C)C)C3=CC=C(C=C3)OC,0
COC(=O)/C=C/C(=O)OC,1
CN(C)CCOC(C1=CC=CC=C1)C2=CC=CC=C2,1
C[C@@H]1CCO[C@@H]2N1C(=O)C3=C(C(=O)C(=CN3C2)C(=O)NCC4=C(C=C(C=C4)F)F)O,0
COC1=C(C=C2C(=C1)CC(C2=O)CC3CCN(CC3)CC4=CC=CC=C4)OC,1
CCN[C@H]1C[C@@H](S(=O)(=O)C2=C1C=C(S2)S(=O)(=O)N)C,0
CN(C)CCC=C1C2=CC=CC=C2COC3=CC=CC=C31,1
C[C@H]1[C@H]([C@H](C[C@@H](O1)O[C@H]2C[C@@](CC3=C2C(=C4C(=C3O)C(=O)C5=C(C4=O)C(=CC=C5)OC)O)(C(=O)CO)O)N)O,0
C[C@@H]1[C@H]2[C@@H]([C@H]3[C@@H](C(=O)C(=C([C@]3(C(=O)C2=C(C4=C1C=CC=C4O)O)O)O)C(=O)N)N(C)C)O,0
CC(C1=CC=CC=C1)(C2=CC=CC=N2)OCCN(C)C,1
CN1C2=C(C3=CC=CC=C3S1(=O)=O)OC(=O)N(C2=O)C4=CC=CC=N4,0
C1CC1C#C[C@]2(C3=C(C=CC(=C3)Cl)NC(=O)O2)C(F)(F)F,1
C[C@H](CCCC(C)(C)O)[C@H]1CC[C@@H]\2[C@@]1(CCC/C2=C\C=C/3\C[C@H]([C@H]([C@@H](C3=C)O)OCCCO)O)C,0
CCOC(=O)[C@H](CCC1=CC=CC=C1)N[C@@H](C)C(=O)N2CCC[C@H]2C(=O)O,0
C[C@@H](CNC1=NC=CC(=N1)C2=CN(N=C2C3=C(C(=CC(=C3)Cl)NS(=O)(=O)C)F)C(C)C)NC(=O)OC,0
C(C(OC(F)F)(F)F)(F)Cl,1
C=C1C(CC(C1CO)O)N2C=NC3=C2N=C(NC3=O)N,0
C[C@@H]([C@@H](C1=CC=CC=C1)O)NC,0
CNC[C@@H](C1=CC(=C(C=C1)O)O)O,1
CC1=CC(=NC(=N1)N2C(=CC(=N2)C)OC)OC,0
CCCCC1=NC=C(N1CC2=CC=C(C=C2)C(=O)O)/C=C(\CC3=CC=CS3)/C(=O)O,1
COCCOC1=C(C=C2C(=C1)C(=NC=N2)NC3=CC=CC(=C3)C#C)OCCOC,0
CC1=CN=C(C(=C1OC)C)C[S@](=O)C2=NC3=C(N2)C=C(C=C3)OC,0
C[C@]12CC[C@H]3[C@H]([C@@H]1CC[C@@H]2O)CCC4=C3C=CC(=C4)OC(=O)N(CCCl)CCCl,0
CCC(=C)C(=O)C1=C(C(=C(C=C1)OCC(=O)O)Cl)Cl,0
CC[C@@H](CO)NCCN[C@@H](CC)CO,0
CCO,1
CCOC1=CC=CC=C1C(=O)N,0
CCC1(CC(=O)NC1=O)C,0
CCC1=C2C(=CC=C1)C3=C(N2)C(OCC3)(CC)CC(=O)O,0
C1=CC=C(C(=C1)C(=O)OCCOCCO)NC2=CC=CC(=C2)C(F)(F)F,0
CC1=NC=C(C=C1)C2=C(C=C(C=N2)Cl)C3=CC=C(C=C3)S(=O)(=O)C,0
CC1=CC(=CC(=C1OC2=NC(=NC(=C2Br)N)NC3=CC=C(C=C3)C#N)C)C#N,1
C1=CC(=CC=C1[C@@H]2[C@H](C(=O)N2C3=CC=C(C=C3)F)CC[C@@H](C4=CC=C(C=C4)F)O)O,1
C1=C(N=C(S1)N=C(N)N)CSCCC(=NS(=O)(=O)N)N,0
CC1=C(SC(=N1)C2=CC(=C(C=C2)OCC(C)C)C#N)C(=O)O,1
C1=CC=C(C=C1)C2=CC=C(C=C2)CC(=O)O,0
CCOC(=O)C1=C(NC(=C(C1C2=C(C(=CC=C2)Cl)Cl)C(=O)OC)C)C,0
C1=CC=C(C=C1)C2=CC=C(C=C2)C(=O)CCC(=O)O,0
CCNC(C)CC1=CC(=CC=C1)C(F)(F)F,1
CC(C)OC(=O)C(C)(C)OC1=CC=C(C=C1)C(=O)C2=CC=C(C=C2)Cl,1
CC(C1=CC(=CC=C1)OC2=CC=CC=C2)C(=O)O,0
C1CN(CCN1CC2=CC3=C(C=C2)OCO3)CC(=O)N4C5=CC=CC=C5SC6=CC=CC=C64,1
C1=CC=C(C=C1)C2=NC(=C(S2)CC(=O)O)C3=CC=C(C=C3)Cl,0
CC(=CCC1C(=O)N(N(C1=O)C2=CC=CC=C2)C3=CC=CC=C3)C,0
CC1(C(=C(C(=O)O1)OCC2CC2)C3=CC=C(C=C3)S(=O)(=O)C)C,0
C1=CC=C(C(=C1)C(=O)OCC(CO)O)NC2=C3C=CC=C(C3=NC=C2)C(F)(F)F,0
CO[C@@]1([C@@H]2N(C1=O)C(=C(CO2)CSC3=NN=NN3CCO)C(=O)O)NC(=O)CSC(F)F,0
CC1=C(C(=NO1)C2=C(C=CC=C2Cl)F)C(=O)N[C@H]3[C@@H]4N(C3=O)[C@H](C(S4)(C)C)C(=O)O,0
C1=NC2=C(N=C(N=C2N1[C@H]3[C@H]([C@@H]([C@H](O3)CO)O)O)F)N,0
CC1CCC2=C3N1C=C(C(=O)C3=CC(=C2)F)C(=O)O,0
CC1=C(C=CC=C1NC2=C(C=CC=N2)C(=O)O)C(F)(F)F,0
C[C@@H](C1=CC2=C(C=C1)OC(=N2)C3=CC=C(C=C3)F)C(=O)O,0
CNCCC(C1=CC=CC=C1)OC2=CC=C(C=C2)C(F)(F)F,1
C1CN(CCN1CCCN2C3=CC=CC=C3SC4=C2C=C(C=C4)C(F)(F)F)CCO,1
CC(C1=CC(=C(C=C1)C2=CC=CC=C2)F)C(=O)O,0
CC(C)N1C2=CC=CC=C2C(=C1/C=C/[C@H](C[C@H](CC(=O)O)O)O)C3=CC=C(C=C3)F,1
COCCCC/C(=N\OCCN)/C1=CC=C(C=C1)C(F)(F)F,1
C(=O)(O)P(=O)(O)O,0
C[C@H]1[C@H](O1)P(=O)(O)O,0
CCC(=O)O[C@H](C(C)C)OP(=O)(CCCCC1=CC=CC=C1)CC(=O)N2C[C@@H](C[C@H]2C(=O)O)C3CCCCC3,0
C1=COC(=C1)CNC2=CC(=C(C=C2C(=O)O)S(=O)(=O)N)Cl,0
C1CCC(CC1)(CC(=O)O)CN,1
C1=NC2=C(N1COC(CO)CO)N=C(NC2=O)N,1
CC1CN(CCN1)C2=C(C=C3C(=C2OC)N(C=C(C3=O)C(=O)O)C4CC4)F,0
COC1=C(C=C2C(=C1)N=CN=C2NC3=CC(=C(C=C3)F)Cl)OCCCN4CCOCC4,0
C1=CN(C(=O)N=C1N)[C@H]2C([C@@H]([C@H](O2)CO)O)(F)F,0
CC1=CC(=C(C=C1)C)OCCCC(C)(C)C(=O)O,1
C[C@H]([C@@H]1[C@H]([C@@H]([C@H]([C@H](O1)O[C@@H]2[C@H](C[C@H]([C@@H]([C@H]2O)O[C@@H]3[C@@H]([C@H]([C@@](CO3)(C)O)NC)O)N)N)N)O)O)O,0
CC([C@@H]1CC[C@H]([C@H](O1)O[C@@H]2[C@H](C[C@H]([C@@H]([C@H]2O)O[C@@H]3[C@@H]([C@H]([C@@](CO3)(C)O)NC)O)N)N)N)NC,0
C[C@@]1(CO[C@@H]([C@@H]([C@H]1NC)O)O[C@H]2[C@@H](C[C@@H]([C@H]([C@@H]2O)O[C@@H]3[C@@H](CC[C@H](O3)CN)N)N)N)O,0
CC([C@@H]1CC[C@H]([C@H](O1)O[C@@H]2[C@H](C[C@H]([C@@H]([C@H]2O)O[C@@H]3[C@@H]([C@H]([C@@](CO3)(C)O)NC)O)N)N)N)N,0
C1=CC=C(C(=C1)C(=O)OCC(CO)O)NC2=C3C=CC(=CC3=NC=C2)Cl,0
CC1=CC=C(C=C1)S(=O)(=O)NC(=O)NN2C[C@H]3CCC[C@H]3C2,0
CCC1(CCC(=O)NC1=O)C2=CC=CC=C2,1
C(C(CO)O)O,1
C[C@@H]1CC(=O)C=C([C@]12C(=O)C3=C(O2)C(=C(C=C3OC)OC)Cl)OC,0
CC(=O)OC1=CC=CC=C1C(=O)OC2=CC=CC=C2OC,0
COC1=CC=CC=C1OCC(CO)O,0
C1CN(CCC1(C2=CC=C(C=C2)Cl)O)CCCC(=O)C3=CC=C(C=C3)F,1
C(C(F)(F)F)(Cl)Br,1
C1=CC=C2C(=C1)C=NN=C2NN,0
C1NC2=CC(=C(C=C2S(=O)(=O)N1)S(=O)(=O)N)Cl,0
C[C@]12CCC(=O)C=C1CC[C@@H]3[C@@H]2[C@H](C[C@]4([C@H]3CC[C@@]4(C(=O)CO)O)C)O,1
C1CN(CCN1CCOCCO)C(C2=CC=CC=C2)C3=CC=C(C=C3)Cl,1
CN[C@H]1C[C@H]([C@@H]([C@H]([C@@H]1O)O[C@H]2[C@@H]3[C@H]([C@H]([C@H](O2)CO)O)OC4(O3)[C@@H]([C@H]([C@H]([C@H](O4)[C@H](CO)N)O)O)O)O)N,0
CCCCCN(C)CCC(O)(P(=O)(O)O)P(=O)(O)O,0
CC(C)CC1=CC=C(C=C1)C(C)C(=O)O,0
CC(C)CC1=CC=C(C=C1)C(C)C(=O)NO,0
CCCCCCCN(CC)CCCC(C1=CC=C(C=C1)NS(=O)(=O)C)O,0
CC/C=C\C/C=C\C/C=C\C/C=C\C/C=C\CCCC(=O)O,0
C1CN(P(=O)(OC1)NCCCl)CCCl,1
CC(=O)C1=CC(=C(C=C1)OCCCN2CCC(CC2)C3=NOC4=C3C=CC(=C4)F)OC,1
CC1=C(C=C(C=C1)NC(=O)C2=CC=C(C=C2)CN3CCN(CC3)C)NC4=NC=CC(=N4)C5=CN=CC=C5,1
CCOC(=O)[C@H](CCC1=CC=CC=C1)N[C@@H](C)C(=O)N2[C@@H](CN(C2=O)C)C(=O)O,0
C[C@H]([C@@H]1[C@H]2CC(=C(N2C1=O)C(=O)O)SCCN=CN)O,0
CN(C)CCCN1C2=CC=CC=C2CCC3=CC=CC=C31,1
CC1CC2=CC=CC=C2N1NC(=O)C3=CC(=C(C=C3)Cl)S(=O)(=O)N,0
CC(C)(C)NC(=O)[C@@H]1CN(CCN1C[C@H](C[C@@H](CC2=CC=CC=C2)C(=O)N[C@@H]3[C@@H](CC4=CC=CC=C34)O)O)CC5=CN=CC=C5,0
CCC(C1=CC=C(C=C1)N2CC3=CC=CC=C3C2=O)C(=O)O,0
CC1=C(C2=C(N1C(=O)C3=CC=C(C=C3)Cl)C=CC(=C2)OC)CC(=O)O,0
CC(C1=CC=C(C=C1)N2CC3=CC=CC=C3C2=O)C(=O)O,0
CN(CC(CO)O)C(=O)C1=C(C(=C(C(=C1I)NC(=O)C(CO)CO)I)C(=O)N(C)CC(CO)O)I,0
CN(CC(CO)O)C(=O)C1=C(C(=C(C(=C1I)C(=O)NCC(CO)O)I)NC(=O)COC)I,1
CCCCC1=NC2(CCCC2)C(=O)N1CC3=CC=C(C=C3)C4=CC=CC=C4C5=NNN=N5,1
C[C@@]1(CO[C@@H]([C@@H]([C@H]1NC)O)O[C@H]2[C@@H](C[C@@H]([C@H]([C@@H]2O)O[C@@H]3[C@@H]([C@H]([C@@H]([C@H](O3)CN)O)O)O)N)NC(=O)[C@H](CN)O)O,0
C(C(F)(F)F)(OC(F)F)Cl,1
C1=CN=CC=C1C(=O)NN,1
CC1=C(C(CCC1)(C)C)/C=C/C(=C/C=C/C(=C\C(=O)O)/C)/C,1
CC1=CC(=NO1)NC(=O)C2=C(C3=CC=CC=C3S(=O)(=O)N2C)O,0
CC1=C(C(C(=C(N1)C)C(=O)OC(C)C)C2=CC=CC3=NON=C32)C(=O)OC,0
CCC(C)N1C(=O)N(C=N1)C2=CC=C(C=C2)N3CCN(CC3)C4=CC=C(C=C4)OC[C@H]5CO[C@](O5)(CN6C=NC=N6)C7=C(C=C(C=C7)Cl)Cl,1
B([C@H](CC(C)C)NC(=O)CNC(=O)C1=C(C=CC(=C1)Cl)Cl)(O)O,0
C1[C@H]([C@@H]([C@H]([C@@H]([C@H]1N)O[C@@H]2[C@@H]([C@H]([C@@H]([C@H](O2)CN)O)O)O)O)O[C@@H]3[C@@H]([C@H]([C@@H]([C@H](O3)CO)O)N)O)N,0
CC(=O)CCC1C(=O)N(N(C1=O)C2=CC=CC=C2)C3=CC=CC=C3,0
CNC1(CCCCC1=O)C2=CC=CC=C2Cl,1
CC(C1=CC(=CC=C1)C(=O)C2=CC=CC=C2)C(=O)O,0
C1CN2C(=CC=C2C(=O)C3=CC=CC=C3)C1C(=O)O,0
CCOC(=O)C1=C(NC(=C(C1C2=CC=CC=C2/C=C/C(=O)OC(C)(C)C)C(=O)OCC)C)C,0
C1[C@H](O[C@H](S1)CO)N2C=CC(=NC2=O)N,1
C1=CC(=C(C(=C1)Cl)Cl)C2=C(N=C(N=N2)N)N,1
CC1=C(C=CN=C1CS(=O)C2=NC3=CC=CC=C3N2)OCC(F)(F)F,0
CN1C(=NN=N1)SCC2=C(N3[C@@H]([C@@](C3=O)(NC(=O)C(C4=CC=C(C=C4)O)C(=O)O)OC)OC2)C(=O)O,1
CC1=C(C=NO1)C(=O)NC2=CC=C(C=C2)C(F)(F)F,1
C1CC(=O)NC(=O)C1N2CC3=C(C2=O)C=CC=C3N,1
C1CC1C2=CC=C(C3=CC=CC=C23)N4C(=NN=C4Br)SCC(=O)O,0
C1=CC(=CC=C1C#N)C(C2=CC=C(C=C2)C#N)N3C=NC=N3,0
C1CSC2=N[C@H](CN21)C3=CC=CC=C3,0
CCOC(=O)C1=C(NC(=C([C@@H]1C2=CC=CC=C2Cl)C(=O)OC)C)COCCN,0
CC[C@@H](C(=O)N)N1CCCC1=O,1
C1=CC(=C(C=C1C[C@@H](C(=O)O)N)O)O,1
C[C@H]1COC2=C3N1C=C(C(=O)C3=CC(=C2N4CCN(CC4)C)F)C(=O)O,1
CCC[C@@H]1C[C@H](N(C1)C)C(=O)N[C@@H]([C@@H]2[C@@H]([C@@H]([C@H]([C@H](O2)SC)O)O)O)[C@@H](C)O,0
C1(C(C(C(C(C1Cl)Cl)Cl)Cl)Cl)Cl,1
CC(=O)NC[C@H]1CN(C(=O)O1)C2=CC(=C(C=C2)N3CCOCC3)F,1
C1C[C@H](N(C1)C(=O)[C@H](CCCCN)N[C@@H](CCC2=CC=CC=C2)C(=O)O)C(=O)O,0
C1CCC(CC1)NC(=O)N(CCCl)N=O,0
C1=CC=C(C=C1)N2C=C(C(=N2)C3=CC=C(C=C3)Cl)CC(=O)O,0
CC1=C(C(=CC=C1)C)OCC(=O)N[C@@H](CC2=CC=CC=C2)[C@H](C[C@H](CC3=CC=CC=C3)NC(=O)[C@H](C(C)C)N4CCCNC4=O)O,0
C1CC(=C(N2[C@H]1[C@@H](C2=O)NC(=O)[C@@H](C3=CC=CC=C3)N)C(=O)O)Cl,0
CCOC(=O)N1CCC(=C2C3=C(CCC4=C2N=CC=C4)C=C(C=C3)Cl)CC1,0
C1=CC=C(C(=C1)C2=NC(C(=O)NC3=C2C=C(C=C3)Cl)O)Cl,1
CN1C(=C(C2=C(S1(=O)=O)C=C(S2)Cl)O)C(=O)NC3=CC=CC=N3,0
CCCCC1=NC(=C(N1CC2=CC=C(C=C2)C3=CC=CC=C3C4=NNN=N4)CO)Cl,1
CC[C@H](C)C(=O)O[C@H]1C[C@H](C=C2[C@H]1[C@H]([C@H](C=C2)C)CC[C@@H]3C[C@H](CC(=O)O3)O)C,1
CN1CCN(CC1)C2=NC3=CC=CC=C3OC4=C2C=C(C=C4)Cl,1
CC(C1=CC=C(C=C1)CC2CCCC2=O)C(=O)O,0
C1=CC=C2C(=C1)C(=CN2)C[C@@H](C(=O)O)N,1
CC1=CC(=C(C=C1)NC2=C(C=CC=C2Cl)F)CC(=O)O,0
C1CC[C@H]([C@@H](C1)CN2CCN(CC2)C3=NSC4=CC=CC=C43)CN5C(=O)[C@H]6[C@@H]7CC[C@@H](C7)[C@H]6C5=O,1
CCN(CC)C(=O)[C@H]1CN([C@@H]2CC3=CNC4=CC=CC(=C34)C2=C1)C,1
C([C@H]([C@H]([C@@H]([C@@H](CO)O)O)O)O)O,0
CC1=NN=C(N1C2C[C@H]3CC[C@@H](C2)N3CC[C@@H](C4=CC=CC=C4)NC(=O)C5CCC(CC5)(F)F)C(C)C,1
COC(=O)NC1=NC2=C(N1)C=C(C=C2)C(=O)C3=CC=CC=C3,0
CC1=C(C(=C(C=C1)Cl)NC2=CC=CC=C2C(=O)O)Cl,0
CC1=C(C(=CC=C1)NC2=CC=CC=C2C(=O)O)C,0
C1CCNC(C1)C(C2=CC(=NC3=C2C=CC=C3C(F)(F)F)C(F)(F)F)O,0
CC1=CN=C(S1)NC(=O)C2=C(C3=CC=CC=C3S(=O)(=O)N2C)O,0
C1=CC(=CC=C1C[C@@H](C(=O)O)N)N(CCCl)CCCl,1
CC12CC3CC(C1)(CC(C3)(C2)N)C,0
C1=CC(=C(C=C1N)C(=O)O)O,0
CC1=C(C(=O)N(N1C)C2=CC=CC=C2)N(C)CS(=O)(=O)O,0
CCC(=O)C(CC(C)N(C)C)(C1=CC=CC=C1)C2=CC=CC=C2,1
C[C@@H](CC1=CC=CC=C1)NC,1
CC(=O)N=C1N(N=C(S1)S(=O)(=O)N)C,0
CC1([C@@H](N2[C@H](S1)[C@@H](C2=O)NC(=O)C3=C(C=CC=C3OC)OC)C(=O)O)C,0
CN(CC1=CN=C2C(=N1)C(=NC(=N2)N)N)C3=CC=C(C=C3)C(=O)N[C@@H](CCC(=O)O)C(=O)O,0
COC(C(Cl)Cl)(F)F,1
C[C@](CC1=CC(=C(C=C1)O)O)(C(=O)O)N,0
CCC(CO)NC(=O)[C@H]1CN([C@@H]2CC3=CN(C4=CC=CC(=C34)C2=C1)C)C,0
CC1([C@@H](N2[C@H](S1)[C@@H](C2=O)NC(=O)[C@@H](C3=CC=CC=C3)NC(=O)N4CCN(C4=O)S(=O)(=O)C)C(=O)O)C,0
C[C@@]1(CO[C@@H]([C@@H]([C@H]1NC)O)O[C@H]2[C@@H](C[C@@H]([C@H]([C@@H]2O)O[C@@H]3[C@@H](CC[C@H](O3)CNC)N)N)N)O,0
CC(CC1=CC2=C(C=C1)OCO2)NC,1
CC#C[C@@]1(CC[C@@H]2[C@@]1(C[C@@H](C3=C4CCC(=O)C=C4CC[C@@H]23)C5=CC=C(C=C5)N(C)C)C)O,1
CCN(CC)C(=O)[C@@]1(C[C@@H]1CN)C2=CC=CC=C2,1
CN(C)[C@H]1[C@@H]2C[C@@H]3CC4=C(C=CC(=C4C(=C3C(=O)[C@@]2(C(=C(C1=O)C(=O)N)O)O)O)O)N(C)C,0
C1CCN(CC1)C2=NC(=N)N(C(=C2)N)O,0
CN1CCN2C(C1)C3=CC=CC=C3CC4=C2N=CC=C4,1
CC1=C(C(=O)C2=C(C1=O)N3C[C@H]4[C@@H]([C@@]3([C@@H]2COC(=O)N)OC)N4)N,0
CCCCC1C(=O)NN(C1=O)C2=CC=CC=C2,0
CC(C)(C1=CC=CC=C1CC[C@H](C2=CC=CC(=C2)/C=C/C3=NC4=C(C=CC(=C4)Cl)C=C3)SCC5(CC5)CC(=O)O)O,0
CN1CC[C@]23[C@@H]4[C@H]1CC5=C2C(=C(C=C5)O)O[C@H]3[C@H](C=C4)O,1
COC1=C2C(=CC(=C1N3C[C@@H]4CCCN[C@@H]4C3)F)C(=O)C(=CN2C5CC5)C(=O)O,1
CC(=O)CCC1=CC2=C(C=C1)C=C(C=C2)OC,0
CCOC1=C(C2=CC=CC=C2C=C1)C(=O)N[C@H]3[C@@H]4N(C3=O)[C@H](C(S4)(C)C)C(=O)O,0
CCN(CC)CCOC(=O)C(CC1CCCO1)CC2=CC=CC3=CC=CC=C32,0
C1CC1CN2CC[C@]34[C@@H]5C(=O)CC[C@]3([C@H]2CC6=C4C(=C(C=C6)O)O5)O,1
C[C@@H](C1=CC2=C(C=C1)C=C(C=C2)OC)C(=O)O,0
C1[C@H]([C@@H]([C@H]([C@@H]([C@H]1N)O[C@@H]2[C@@H]([C@H]([C@@H]([C@H](O2)CN)O)O)N)O)O)N,0
COC1=NC(=NC2=C1N=CN2[C@H]3[C@H]([C@@H]([C@H](O3)CO)O)O)N,1
C1=CC=C(C=C1)C(=O)C2=CC=CC(=C2N)CC(=O)N,0
CCN[C@@H]1C[C@@H]([C@H]([C@@H]([C@H]1O[C@@H]2[C@@H]([C@H]([C@@](CO2)(C)O)NC)O)O)O[C@@H]3[C@@H](CC=C(O3)CN)N)N,0
CC1=C2C(=NC=C1)N(C3=C(C=CC=N3)C(=O)N2)C4CC4,1
C1=CC(=CN=C1)C(=O)O,1
CN1C[C@@H](C[C@]2([C@H]1CC3=CN(C4=CC=CC2=C34)C)OC)COC(=O)C5=CC(=CN=C5)Br,0
CC1=C(C(=O)N(N1C)C2=CC=CC=C2)NC(=O)C3=CN=CC=C3,0
C1=CC(=CC(=C1)NC2=C(C=CC=N2)C(=O)O)C(F)(F)F,0
CC1=C(C=C(C=C1)C(=O)NC2=CC(=CC(=C2)C(F)(F)F)N3C=C(N=C3)C)NC4=NC=CC(=N4)C5=CN=CC=C5,0
CN1CCN(CC1)CC(=O)N(C)C2=CC=C(C=C2)N=C(C3=CC=CC=C3)C4=C(NC5=C4C=CC(=C5)C(=O)OC)O,0
CC1=C(C(=O)N(N1C)C2=CC=CC=C2)NC,0
CCN1C=C(C(=O)C2=CC(=C(C=C21)N3CCNCC3)F)C(=O)O,1
CC1COC2=C3N1C=C(C(=O)C3=CC(=C2N4CCN(CC4)C)F)C(=O)O,1
CC1=CC2=C(S1)NC3=CC=CC=C3N=C2N4CCN(CC4)C,1
CCCC1=NC(=C(N1CC2=CC=C(C=C2)C3=CC=CC=C3C4=NNN=N4)C(=O)O)C(C)(C)O,1
C1=CC(=C(C=C1N=NC2=CC(=C(C=C2)O)C(=O)O)C(=O)O)O,0
CCCCCCCCCCC[C@@H](C[C@H]1[C@@H](C(=O)O1)CCCCCC)OC(=O)[C@H](CC(C)C)NC=O,0
CC1=C(C(=NO1)C2=CC=CC=C2)C(=O)N[C@H]3[C@@H]4N(C3=O)[C@H](C(S4)(C)C)C(=O)O,0
C1=CC=C(C=C1)C2=C(OC(=N2)CCC(=O)O)C3=CC=CC=C3,0
C1C2=CC=CC=C2N(C3=CC=CC=C3C1=O)C(=O)N,1
CCN1C=C(C(=O)C2=CC3=C(C=C21)OCO3)C(=O)O,0
CC(C)NCC(COC1=CC=CC=C1OCC=C)O,1
CN1CC[C@]23[C@@H]4C(=O)CC[C@]2([C@H]1CC5=C3C(=C(C=C5)OC)O4)O,0
CN1CC[C@]23[C@@H]4C(=O)CC[C@]2([C@H]1CC5=C3C(=C(C=C5)O)O4)O,0
CCCCC1C(=O)N(N(C1=O)C2=CC=C(C=C2)O)C3=CC=CC=C3,0
CC1=C(C(=O)N(C2=NC(=NC=C12)NC3=NC=C(C=C3)N4CCNCC4)C5CCCC5)C(=O)C,0
CC1=C(C(=O)N2CCCC(C2=N1)O)CCN3CCC(CC3)C4=NOC5=C4C=CC(=C5)F,1
C(CN)C(O)(P(=O)(O)O)P(=O)(O)O,0
C[C@H]([C@@H]1[C@H]2CC(=C(N2C1=O)C(=O)O)S[C@H]3CCN(C3)C(=N)C)O,0
COC1=C(C(=NC=C1)CS(=O)C2=NC3=C(N2)C=C(C=C3)OC(F)F)OC,0
CC(=O)NC1=CC=C(C=C1)O,1
C1=CC(=CC=C1N)N,1
CCC(=O)NS(=O)(=O)C1=CC=C(C=C1)C2=C(ON=C2C3=CC=CC=C3)C,0
C1CNC[C@H]([C@@H]1C2=CC=C(C=C2)F)COC3=CC4=C(C=C3)OCO4,1
CC1=C(C=C(C=C1)NC2=NC=CC(=N2)N(C)C3=CC4=NN(C(=C4C=C3)C)C)S(=O)(=O)N,0
CC(C)([C@H](C(=O)O)N)S,1
C1=CC(=CC=C1C(=N)N)OCCCCCOC2=CC=C(C=C2)C(=N)N,1
C1[C@@H]([C@H](O[C@H]1N2C=NC3=C2NC=NC[C@H]3O)CO)O,0
CCC[C@@H](C(=O)OCC)N[C@@H](C)C(=O)N1[C@H]2CCCC[C@H]2C[C@H]1C(=O)O,0
CCC[C@@H](C(=O)O)N[C@@H](C)C(=O)N1[C@H]2CCCC[C@H]2C[C@H]1C(=O)O,0
C1CN(CCN1CCCN2C3=CC=CC=C3SC4=C2C=C(C=C4)Cl)CCO,1
CCOC(=O)C1(CCN(CC1)C)C2=CC=CC=C2,1
CCOC1=CC=C(C=C1)NC(=O)C,0
C1=CC=C(C=C1)N=NC2=C(N=C(C=C2)N)N,0
C1CCC(CC1)(C2=CC=CC=C2)N3CCCCC3,1
C[C@H]1[C@@H](OCCN1C)C2=CC=CC=C2,1
C1=CC=C(C=C1)CCNN,1
C1=CC=C(C=C1)CCN=C(N)N=C(N)N,1
C1=CC=C(C=C1)C2C(=O)C3=CC=CC=C3C2=O,0
CN(C)CCC(C1=CC=CC=C1)C2=CC=CC=N2,1
CC1C(OCCN1)C2=CC=CC=C2,1
CC1([C@@H](N2[C@H](S1)[C@@H](C2=O)NC(=O)COC3=CC=CC=C3)C(=O)O)C,0
CC(C)(CC1=CC=CC=C1)N,1
CCCCC1C(=O)N(N(C1=O)C2=CC=CC=C2)C3=CC=CC=C3,0
CC(C(C1=CC=CC=C1)O)N,1
C1CN(CCC1N2C3=CC=CC=C3NC2=O)CCCC(C4=CC=C(C=C4)F)C5=CC=C(C=C5)F,1
CC(C)NCC(COC1=CC=CC2=C1C=CN2)O,0
CCN1C=C(C(=O)C2=CN=C(N=C21)N3CCNCC3)C(=O)O,0
CCN1C=C(C(=O)C2=CN=C(N=C21)N3CCCC3)C(=O)O,0
CN1C(=C(C2=CC=CC=C2S1(=O)=O)O)C(=O)NC3=CC=CC=N3,0
CC(C1=CC(=C(C=C1)N2CC=CC2)Cl)C(=O)O,0
C1CC1C2=NC3=CC=CC=C3C(=C2/C=C/[C@H](C[C@H](CC(=O)O)O)O)C4=CC=C(C=C4)F,1
C[C@@]1(CO[C@@H]([C@@H]([C@H]1NC)O)O[C@H]2[C@@H](C[C@@H]([C@H]([C@@H]2O)O[C@@H]3[C@@H](CC=C(O3)CNCCO)N)N)NC(=O)[C@H](CCN)O)O,0
C1CC(=O)NC(=O)C1N2C(=O)C3=C(C2=O)C(=CC=C3)N,0
CCCNC1CCC2=C(C1)SC(=N2)N,1
CC(C1=CC2=C(C=C1)OC3=C(C2)C=CC=N3)C(=O)O,0
CC(=O)OC1=CC2=C(S1)CCN(C2)C(C3=CC=CC=C3F)C(=O)C4CC4,0
CC[C@H](C)C(=O)O[C@H]1C[C@@H](C=C2[C@H]1[C@H]([C@H](C=C2)C)CC[C@H](C[C@H](CC(=O)O)O)O)O,1
C1CC1CN2C(=O)CN=C(C3=C2C=CC(=C3)Cl)C4=CC=CC=C4,1
C[C@]12CC(=O)[C@H]3[C@H]([C@@H]1CC[C@@]2(C(=O)CO)O)CCC4=CC(=O)C=C[C@]34C,1
CC(C)C[C@@H](CC(=O)O)CN,1
CCC1(C(=O)NCNC1=O)C2=CC=CC=C2,0
CCCN(CCC)S(=O)(=O)C1=CC=C(C=C1)C(=O)O,0
CCN(CC)CCNC(=O)C1=CC=C(C=C1)N,0
CCCN(CCC)C(=O)C(CCC(=O)OCCCN1CCN(CC1)CCOC(=O)CC2=C(N(C3=C2C=C(C=C3)OC)C(=O)C4=CC=C(C=C4)Cl)C)NC(=O)C5=CC=CC=C5,0
CN(C)CCCN1C2=CC=CC=C2SC3=CC=CC=C31,1
CC(CN1C2=CC=CC=C2SC3=CC=CC=C31)N(C)C,1
CC(C)C1=C(C(=CC=C1)C(C)C)O,1
CC(C)NCC(COC1=CC=CC2=CC=CC=C21)O,0
CCCC1=CC(=O)NC(=S)N1,0
CC1=C(C(=O)N(N1C)C2=CC=CC=C2)C(C)C,0
CC1=CC2=C(C=C1)C(=NC(=O)N2C(C)C)C3=CC=CC=C3,0
CNCCCC1C2=CC=CC=C2C=CC3=CC=CC=C13,1
CC(C(C1=CC=CC=C1)O)NC,1
CN(C)C1=NC=NC2=C1N=CN2[C@H]3[C@@H]([C@@H]([C@H](O3)CO)NC(=O)[C@H](CC4=CC=C(C=C4)OC)N)O,0
C1=CN=C(C=N1)C(=O)N,0
CC1=NC=C(C(=C1O)C=O)COP(=O)(O)O,0
C1CN(CCN1CCOCCO)C2=NC3=CC=CC=C3SC4=CC=CC=C42,1
CCOC(=O)[C@H](CCC1=CC=CC=C1)N[C@@H](C)C(=O)N2CC3=CC=CC=C3C[C@H]2C(=O)O,0
COC1=CC2=C(C=CN=C2C=C1)[C@@H]([C@H]3C[C@@H]4CCN3C[C@@H]4C=C)O,1
COC1=CC2=C(C=CN=C2C=C1)[C@H]([C@@H]3C[C@@H]4CCN3C[C@@H]4C=C)O,1
CC1=C(C=CN=C1CS(=O)C2=NC3=CC=CC=C3N2)OCCCOC,1
CCOC(=O)[C@H](CCC1=CC=CC=C1)N[C@@H](C)C(=O)N2[C@H]3CCC[C@H]3C[C@H]2C(=O)O,0
C[C@@H](C(=O)N1[C@H]2CCC[C@H]2C[C@H]1C(=O)O)N[C@@H](CCC3=CC=CC=C3)C(=O)O,0
C1=CC=C2C(=C1)C(=CC(=O)N2)CC(C(=O)O)NC(=O)C3=CC=C(C=C3)Cl,0
CNC(=O)C1=NC=CC(=C1)OC2=CC(=C(C=C2)NC(=O)NC3=CC(=C(C=C3)Cl)C(F)(F)F)F,0
C1=NC(=NN1[C@H]2[C@@H]([C@@H]([C@H](O2)CO)O)O)C(=O)N,0
C1[C@H]([C@@H]([C@H]([C@@H]([C@H]1N)O[C@@H]2[C@@H]([C@H]([C@@H]([C@H](O2)CN)O)O)N)O[C@H]3[C@@H]([C@@H]([C@H](O3)CO)O)O)O)N,0
CC1=CC(=CC(=C1NC2=NC(=NC=C2)NC3=CC=C(C=C3)C#N)C)/C=C/C#N,0
C1=CC(=CN=C1)CC(O)(P(=O)(O)O)P(=O)(O)O,0
CC1=C(C(=O)N2CCCCC2=N1)CCN3CCC(CC3)C4=NOC5=C4C=CC(=C5)F,1
C[C@H]([C@H](C1=CC=C(C=C1)O)O)NCCC2=CC=C(C=C2)O,1
C1COCC(=O)N1C2=CC=C(C=C2)N3C[C@@H](OC3=O)CNC(=O)C4=CC=C(S4)Cl,0
CCC1=CC(=C(C=C1)NC2=C(C(=CC(=C2F)F)F)F)CC(=O)O,0
CS(=O)(=O)C1=CC=C(C=C1)C2=C(C(=O)OC2)C3=CC=CC=C3,0
CC(C)C1=NC(=NC(=C1/C=C/[C@H](C[C@H](CC(=O)O)O)O)C2=CC=C(C=C2)F)N(C)S(=O)(=O)C,1
CCCN(CCC1=CC=CS1)[C@H]2CCC3=C(C2)C=CC=C3O,1
CCC1C(C(C(C(=NOCOCCOC)C(CC(C(C(C(C(C(=O)O1)C)OC2CC(C(C(O2)C)O)(C)OC)C)OC3C(C(CC(O3)C)N(C)C)O)(C)O)C)C)O)(C)O,0
C1=CC=C(C(=C1)C(=O)N)O,0
C1=CC=C(C(=C1)C(=O)O)O,1
C1=CC=C(C(=C1)C(=O)OC2=CC=CC=C2C(=O)O)O,0
CC(C)(C)NC(=O)[C@@H]1C[C@@H]2CCCC[C@@H]2CN1C[C@H]([C@H](CC3=CC=CC=C3)NC(=O)[C@H](CC(=O)N)NC(=O)C4=NC5=CC=CC=C5C=C4)O,0
C1=CC(=CC=C1C2=CC(=NN2C3=CC=C(C=C3)S(=O)(=O)N)C(F)(F)F)Cl,0
CC1CCC(CC1)NC(=O)N(CCCl)N=O,0
CN[C@H]1CC[C@H](C2=CC=CC=C12)C3=CC(=C(C=C3)Cl)Cl,1
C(OC(C(F)(F)F)C(F)(F)F)F,1
CC(C)CC(C1(CCC1)C2=CC=C(C=C2)Cl)N(C)C,1
CCC(C)(C)C(=O)O[C@H]1C[C@H](C=C2[C@H]1[C@H]([C@H](C=C2)C)CC[C@@H]3C[C@H](CC(=O)O3)O)C,1
C[C@@]1(CO[C@@H]([C@@H]([C@H]1NC)O)O[C@H]2[C@@H](C[C@@H]([C@H]([C@@H]2O)O[C@@H]3[C@@H](CC=C(O3)CN)N)N)N)O,0
CNC(=O)C1=NC=CC(=C1)OC2=CC=C(C=C2)NC(=O)NC3=CC(=C(C=C3)Cl)C(F)(F)F,1
C[C@@H]1CN(C[C@@H](N1)C)C2=C(C(=C3C(=C2F)N(C=C(C3=O)C(=O)O)C4CC4)N)F,1
CC1=CN(C(=O)NC1=O)[C@H]2C=C[C@H](O2)CO,0
C[C@H]1[C@@]([C@H]([C@@H](O1)O[C@@H]2[C@H]([C@@H]([C@H]([C@@H]([C@H]2O)O)N=C(N)N)O)N=C(N)N)O[C@H]3[C@H]([C@@H]([C@H]([C@@H](O3)CO)O)O)NC)(C=O)O,0
CN(C(=O)N[C@@H]1[C@H]([C@@H]([C@H](O[C@@H]1O)CO)O)O)N=O,0
C1CN2CC3=CCO[C@H]4CC(=O)N5[C@H]6[C@H]4[C@H]3C[C@H]2[C@@]61C7=CC=CC=C75,1
C1=CN=C(N=C1)NS(=O)(=O)C2=CC=C(C=C2)N,0
CC1=C(ON=C1C)NS(=O)(=O)C2=CC=C(C=C2)N,0
CC1=CC(=NO1)NS(=O)(=O)C2=CC=C(C=C2)N,1
C1=CC(=CC=C1N)S(=O)(=O)N,0
CC1=CN=C(N=C1)NS(=O)(=O)C2=CC=C(C=C2)N,0
C1=CC=NC(=C1)NS(=O)(=O)C2=CC=C(C=C2)N=NC3=CC(=C(C=C3)O)C(=O)O,0
CC1=CC2=C(N1)C=CC(=C2)OC3=NC(=NC=C3)NC4=CC=CC(=C4)CS(=O)(=O)NCCN(C)C,0
C1=CC=C(C=C1)N2C(=O)C(C(=O)N2C3=CC=CC=C3)CCS(=O)C4=CC=CC=C4,0
CC1=C(C2=C(C1=CC3=CC=C(C=C3)S(=O)C)C=CC(=C2)F)CC(=O)O,0
C1CCS(=O)(=O)N(C1)C2=CC=C(C=C2)S(=O)(=O)N,0
CNS(=O)(=O)CC1=CC2=C(C=C1)NC=C2CCN(C)C,0
CCN(CC)CCNC(=O)C1=C(NC(=C1C)/C=C\2/C3=C(C=CC(=C3)F)NC2=O)C,1
CC(C1=CC=C(C=C1)C(=O)C2=CC=CS2)C(=O)O,0
CCCCC1(C(=O)N(N(C1=O)C2=CC=CC=C2)C3=CC=CC=C3)COC(=O)CCC(=O)O,0
C1=CC=C2C(=C1)C(OC2=O)OC(=O)C3=C(N=CC=C3)NC4=CC=CC(=C4)C(F)(F)F,0
CC/C(=C(\C1=CC=CC=C1)/C2=CC=C(C=C2)OCCN(C)C)/C3=CC=CC=C3,0
CC1=CN(C(=O)NC1=O)[C@@H]2C[C@H]([C@@H](O2)CO)O,1
CCCC1=NC2=C(N1CC3=CC=C(C=C3)C4=CC=CC=C4C(=O)O)C=C(C=C2C)C5=NC6=CC=CC=C6N5C,1
CC1CN(CCN1)C2=C(C=C3C(=C2)N(C=C(C3=O)C(=O)O)C4=C(C=C(C=C4)F)F)F,0
CN1C2=C(C=C(C=C2)Cl)C(=NC(C1=O)O)C3=CC=CC=C3,1
CC1=NN(C(=C1)N2CCN(CC2)[C@H]3C[C@H](NC3)C(=O)N4CCSC4)C5=CC=CC=C5,0
C1=CSC(=C1)C(=O)C2=C(N(C3=C2C=C(C=C3)Cl)C(=O)N)O,0
C[C@H](CN1C=NC2=C(N=CN=C21)N)OCP(=O)(O)O,0
CN1C(=C(C2=C(S1(=O)=O)C=CS2)O)C(=O)NC3=CC=CC=N3,0
CC(C)(C)NCC(C1=CC(=CC(=C1)O)O)O,1
C[C@@]1([C@H]2C[C@H]3[C@@H](C(=O)C(=C([C@]3(C(=O)C2=C(C4=C1C=CC=C4O)O)O)O)C(=O)N)N(C)C)O,0
CN1C2=C(C(=O)N(C1=O)C)NC=N2,1
CN1C=CNC1=S,0
CC1=C(SC=C1)C(=CCCN2CCC[C@H](C2)C(=O)O)C3=C(C=CS3)C,1
CC(C1=CC=C(S1)C(=O)C2=CC=CC=C2)C(=O)O,0
C1CN(CC2=C1SC=C2)CC3=CC=CC=C3Cl,0
C1=CSC(=C1)C(=O)C2=C(C(=C(C=C2)OCC(=O)O)Cl)Cl,0
CCOC(=O)C1=C(SC2=C1CCN(C2)CC3=CC=CC=C3)N,0
CC(C(=O)NCC(=O)O)S,0
C1[C@@H]([C@H]([C@@H]([C@H]([C@@H]1N)O[C@@H]2[C@@H]([C@H]([C@@H]([C@H](O2)CO)O)N)O)O)O[C@@H]3[C@@H](C[C@@H]([C@H](O3)CN)O)N)N,0
CC1=C(C=CC=C1Cl)NC2=CC=CC=C2C(=O)O,0
CC1=CC=C(C=C1)C(=O)C2=CC=C(N2C)CC(=O)O,0
CC1(O[C@@H]2CO[C@@]3([C@H]([C@@H]2O1)OC(O3)(C)C)COS(=O)(=O)N)C,1
CC[C@@]1(C2=C(COC1=O)C(=O)N3CC4=CC5=C(C=CC(=C5CN(C)C)O)N=C4C3=C2)O,0
CC1=CC(=CC=C1)NC2=C(C=NC=C2)S(=O)(=O)NC(=O)NC(C)C,0
CC1=CC2=C([C@@H]3[C@@H]4[C@H]5C6=C(C(=C7C(=C6[C@@H](N4[C@H]([C@H](C2)N3C)O)COC(=O)[C@@]8(CS5)C9=CC(=C(C=C9CCN8)O)OC)OCO7)C)OC(=O)C)C(=C1OC)O,1
CN(C)C[C@H]1CCCC[C@@]1(C2=CC(=CC=C2)OC)O,1
C[C@@H](C(=O)N1[C@H]2CCCC[C@@H]2C[C@H]1C(=O)O)N[C@@H](CCC3=CC=CC=C3)C(=O)O,0
C1C(C1N)C2=CC=CC=C2,1
CC1=C(C(CCC1)(C)C)/C=C/C(=C/C=C/C(=C/C(=O)O)/C)/C,0
C[C@]12C[C@@H]([C@]3([C@H]([C@@H]1C[C@H]([C@@]2(C(=O)CO)O)O)CCC4=CC(=O)C=C[C@@]43C)F)O,1
C1=CC=C(C=C1)C2=NC3=C(N=C(N=C3N=C2N)N)N,0
CC1=NN=C2N1C3=C(C=C(C=C3)Cl)C(=NC2)C4=CC=CC=C4Cl,1
C(=C(Cl)Cl)Cl,0
C(CNCCNCCN)N,1
CN1CCN(CC1)CCCN2C3=CC=CC=C3SC4=C2C=C(C=C4)C(F)(F)F,1
CC1(C(=O)N(C(=O)O1)C)C,0
COC1=CC(=CC(=C1OC)OC)CC2=CN=C(N=C2N)N,0
C[C@H](CCC(=O)O)[C@H]1CC[C@@H]2[C@@]1(CC[C@H]3[C@H]2[C@H](C[C@H]4[C@@]3(CC[C@H](C4)O)C)O)C,0
CC(C)[C@@H](C(=O)OCCOCN1C=NC2=C1N=C(NC2=O)N)N,0
CC1=C(C(=NO1)C2=CC=CC=C2)C3=CC=C(C=C3)S(=O)(=O)N,0
CC(C)[C@@H](C(=O)OCC(CO)OCN1C=NC2=C1N=C(NC2=O)N)N,0
CCCC(CCC)C(=O)O,1
CCCCC(=O)N(CC1=CC=C(C=C1)C2=CC=CC=C2C3=NNN=N3)[C@@H](C(C)C)C(=O)O,1
C1C2CNCC1C3=CC4=NC=CN=C4C=C23,0
CCCS(=O)(=O)NC1=C(C(=C(C=C1)F)C(=O)C2=CNC3=C2C=C(C=N3)C4=CC=C(C=C4)Cl)F,0
CN(C)CC(C1=CC=C(C=C1)OC)C2(CCCCC2)O,1
CC(C)C(CCCN(C)CCC1=CC(=C(C=C1)OC)OC)(C#N)C2=CC(=C(C=C2)OC)OC,0
CC(=O)CC(C1=CC=CC=C1)C2=C(C3=CC=CC=C3OC2=O)O,0
C1C[C@@H](O[C@@H]1CO)N2C=CC(=NC2=O)N,0
CC(C1=CC2=C(C=C1)SC3=CC=CC=C3C(=O)C2)C(=O)O,0
C[C@@H]1[C@@H]([C@@H]([C@H]([C@H](O1)O[C@H]2[C@@H](C=C3C2CC#CC4[C@@](O4)(C#C3)C5COC(=O)O5)OC(=O)C6=C(C=CC7=C6C=C(C=C7C)OC)O)NC)O)O,0
C1CN(CCN1CCC2=C(C=C3C(=C2)CC(=O)N3)Cl)C4=NSC5=CC=CC=C54,1
C1=CN(C=N1)CC(O)(P(=O)(O)O)P(=O)(O)O,0
CC1=C(N(C(=C1)CC(=O)O)C)C(=O)C2=CC=C(C=C2)Cl,0
C1=CC=C2C(=C1)C(=NO2)CS(=O)(=O)N,1
